{
  "timestamp": "2025-11-23T19:14:56.790287",
  "data": {
    "tickers": [
      "AAPL",
      "MSFT"
    ],
    "metrics": {
      "AAPL": {
        "ticker": "AAPL",
        "total_return": 8.601294968384959,
        "volatility": 2.4090975806207586,
        "average_volume": 1199120.59375,
        "sma_20": [
          NaN,
          NaN,
          NaN,
          NaN,
          NaN,
          NaN,
          NaN,
          NaN,
          NaN,
          NaN,
          NaN,
          NaN,
          NaN,
          NaN,
          NaN,
          NaN,
          NaN,
          NaN,
          NaN,
          132.60656177960138,
          132.6876930763371,
          132.7441637369529,
          133.0975741828911,
          133.62647607472243,
          134.05188842359777,
          134.52475864784014,
          135.00103108644038,
          136.0298717744426,
          136.84074636316365,
          137.83590045852935,
          138.4952713666518,
          139.41830711714937
        ],
        "sma_50": [
          NaN,
          NaN,
          NaN,
          NaN,
          NaN,
          NaN,
          NaN,
          NaN,
          NaN,
          NaN,
          NaN,
          NaN,
          NaN,
          NaN,
          NaN,
          NaN,
          NaN,
          NaN,
          NaN,
          NaN,
          NaN,
          NaN,
          NaN,
          NaN,
          NaN,
          NaN,
          NaN,
          NaN,
          NaN,
          NaN,
          NaN,
          NaN
        ],
        "sma_200": [
          NaN,
          NaN,
          NaN,
          NaN,
          NaN,
          NaN,
          NaN,
          NaN,
          NaN,
          NaN,
          NaN,
          NaN,
          NaN,
          NaN,
          NaN,
          NaN,
          NaN,
          NaN,
          NaN,
          NaN,
          NaN,
          NaN,
          NaN,
          NaN,
          NaN,
          NaN,
          NaN,
          NaN,
          NaN,
          NaN,
          NaN,
          NaN
        ]
      },
      "MSFT": {
        "ticker": "MSFT",
        "total_return": 10.774016655212872,
        "volatility": 2.080353528157409,
        "average_volume": 1167353.34375,
        "sma_20": [
          NaN,
          NaN,
          NaN,
          NaN,
          NaN,
          NaN,
          NaN,
          NaN,
          NaN,
          NaN,
          NaN,
          NaN,
          NaN,
          NaN,
          NaN,
          NaN,
          NaN,
          NaN,
          NaN,
          169.21593792428806,
          169.91888084457293,
          170.37931066154584,
          170.56272071182065,
          171.34200632148105,
          172.30772701910612,
          173.15979956175417,
          174.2973498757328,
          175.45494646734093,
          176.78034542876304,
          177.67126392865993,
          178.54717565671217,
          179.40197137452554
        ],
        "sma_50": [
          NaN,
          NaN,
          NaN,
          NaN,
          NaN,
          NaN,
          NaN,
          NaN,
          NaN,
          NaN,
          NaN,
          NaN,
          NaN,
          NaN,
          NaN,
          NaN,
          NaN,
          NaN,
          NaN,
          NaN,
          NaN,
          NaN,
          NaN,
          NaN,
          NaN,
          NaN,
          NaN,
          NaN,
          NaN,
          NaN,
          NaN,
          NaN
        ],
        "sma_200": [
          NaN,
          NaN,
          NaN,
          NaN,
          NaN,
          NaN,
          NaN,
          NaN,
          NaN,
          NaN,
          NaN,
          NaN,
          NaN,
          NaN,
          NaN,
          NaN,
          NaN,
          NaN,
          NaN,
          NaN,
          NaN,
          NaN,
          NaN,
          NaN,
          NaN,
          NaN,
          NaN,
          NaN,
          NaN,
          NaN,
          NaN,
          NaN
        ]
      }
    },
    "correlation_matrix": {
      "AAPL": {
        "AAPL": 1.0,
        "MSFT": 0.8483886696032131
      },
      "MSFT": {
        "AAPL": 0.8483886696032131,
        "MSFT": 1.0
      }
    },
    "historical_data": {
      "AAPL": [
        {
          "date": "2024-10-01",
          "close": 134.94501979699837,
          "volume": 1078182,
          "open": 136.0,
          "high": 136.318446504763,
          "low": 130.92541026440446
        },
        {
          "date": "2024-10-02",
          "close": 133.53008381357563,
          "volume": 1105722,
          "open": 133.47749543579346,
          "high": 136.38261695943987,
          "low": 131.80227556717657
        },
        {
          "date": "2024-10-03",
          "close": 129.14955573395216,
          "volume": 1333938,
          "open": 133.63737948191772,
          "high": 133.63737948191772,
          "low": 126.65886748022143
        },
        {
          "date": "2024-10-04",
          "close": 127.32911829367113,
          "volume": 1142285,
          "open": 130.2466160022601,
          "high": 130.2466160022601,
          "low": 125.86721372555564
        },
        {
          "date": "2024-10-05",
          "close": 126.68060233560263,
          "volume": 1051363,
          "open": 127.35765879665927,
          "high": 127.35765879665927,
          "low": 126.51117430596159
        },
        {
          "date": "2024-10-06",
          "close": 129.35542756359544,
          "volume": 1209294,
          "open": 125.46814895060906,
          "high": 131.6626211230853,
          "low": 125.46814895060906
        },
        {
          "date": "2024-10-07",
          "close": 132.79492182093637,
          "volume": 1262782,
          "open": 129.68444614391908,
          "high": 133.86245805924534,
          "low": 129.68444614391908
        },
        {
          "date": "2024-10-08",
          "close": 128.49619576047093,
          "volume": 1329447,
          "open": 132.78360070692398,
          "high": 132.78360070692398,
          "low": 124.99370300380072
        },
        {
          "date": "2024-10-09",
          "close": 130.90519021322066,
          "volume": 1186079,
          "open": 128.77343220108963,
          "high": 133.35651507840677,
          "low": 128.77343220108963
        },
        {
          "date": "2024-10-10",
          "close": 131.99000985259397,
          "volume": 1082838,
          "open": 129.97523280610392,
          "high": 134.28080001095802,
          "low": 129.95408379331616
        },
        {
          "date": "2024-10-11",
          "close": 134.8523962602233,
          "volume": 1214893,
          "open": 132.68210495181694,
          "high": 135.63821518713718,
          "low": 132.68210495181694
        },
        {
          "date": "2024-10-12",
          "close": 128.0913239849322,
          "volume": 1514806,
          "open": 134.93727718783595,
          "high": 134.93727718783595,
          "low": 126.12721589060607
        },
        {
          "date": "2024-10-13",
          "close": 126.9423158768384,
          "volume": 1090418,
          "open": 128.1250588151123,
          "high": 130.0498045195697,
          "low": 125.92484964012469
        },
        {
          "date": "2024-10-14",
          "close": 129.54865516183654,
          "volume": 1203581,
          "open": 126.00335655980066,
          "high": 130.9377240902661,
          "low": 126.00335655980066
        },
        {
          "date": "2024-10-15",
          "close": 134.85529379234225,
          "volume": 1401858,
          "open": 129.4689588054027,
          "high": 135.2560242639391,
          "low": 129.4689588054027
        },
        {
          "date": "2024-10-16",
          "close": 134.02705819212014,
          "volume": 1061909,
          "open": 135.13072624896338,
          "high": 135.13072624896338,
          "low": 133.81022382488342
        },
        {
          "date": "2024-10-17",
          "close": 138.6798562021314,
          "volume": 1341647,